Workbook
Name H: Sheet1!$G:$G

Sheet Sheet1
F5: SIBERIA HOSTEL
F6: MESS BILL | G6: 2025 | H6: AUGUST
E8: Opening Stock | F8: 0 | G8: Salary | H8: 49000
E9: Total Expences | F9: =1750*97 -> 169750 | G9: Allowance | H9: 500
E10: Extras | F10: 1680 | G10: MISCELLANEOUS | H10: 0
E11: Closing Stock | F11: 2000 | G11: BONUS | H11: 15000
E12: Per day charge | F12: 89
E13: Est. Charge | F13: 400
C16: SL.NO | D16: NAME | E16: DEPARTMENT | F16: EST | G16: TOTAL AMOUNT | H16: TOTAL DAYS | I16: MESSCUT | J16: EFFECTIVE DAYS | K16: EXTRAS&GUEST | L16: LATE MESS | M16: FINAL
C17: 1 | D17: AKSHAY | E17: DST | F17: =$F$13 -> 400 | G17: =J17*$F$12+F17+Sheet1!$K17+Sheet1!$L17 -> 2527.1 | H17: 26 | I17: 3 | J17: =H17-(I17*0.7) -> 23.9 | M17: =Sheet1!$F17+$F$12*Sheet1!$J17+Sheet1!$K17+Sheet1!$L17 -> 2527.1
C18: =C17+1 -> 2 | D18: AMAL KIRAN | E18: DST | F18: =$F$13 -> 400 | G18: =J18*$F$12+F18+Sheet1!$K18+Sheet1!$L18 -> 2714 | H18: 26 | J18: =H18-(I18*0.7) -> 26 | M18: =Sheet1!$F18+$F$12*Sheet1!$J18+Sheet1!$K18+Sheet1!$L18 -> 2714
C19: =C18+1 -> 3 | D19: AMBAREESH V | E19: DST | F19: =$F$13 -> 400 | G19: =J19*$F$12+F19+Sheet1!$K19+Sheet1!$L19 -> 2714 | H19: 26 | J19: =H19-(I19*0.7) -> 26 | M19: =Sheet1!$F19+$F$12*Sheet1!$J19+Sheet1!$K19+Sheet1!$L19 -> 2714
C20: =C19+1 -> 4 | D20: ANIRUDH | E20: DST | F20: =$F$13 -> 400 | G20: =J20*$F$12+F20+Sheet1!$K20+Sheet1!$L20 -> 2714 | H20: 26 | J20: =H20-(I20*0.7) -> 26 | M20: =Sheet1!$F20+$F$12*Sheet1!$J20+Sheet1!$K20+Sheet1!$L20 -> 2714
C21: =C20+1 -> 5 | D21: ASHBIN SANTHOSH | E21: DST | F21: =$F$13 -> 400 | G21: =J21*$F$12+F21+Sheet1!$K21+Sheet1!$L21 -> 2714 | H21: 26 | J21: =H21-(I21*0.7) -> 26 | M21: =Sheet1!$F21+$F$12*Sheet1!$J21+Sheet1!$K21+Sheet1!$L21 -> 2714
C22: =C21+1 -> 6 | D22: ASHISH SUDHEER | E22: DST | F22: =$F$13 -> 400 | G22: =J22*$F$12+F22+Sheet1!$K22+Sheet1!$L22 -> 2714 | H22: 26 | J22: =H22-(I22*0.7) -> 26 | M22: =Sheet1!$F22+$F$12*Sheet1!$J22+Sheet1!$K22+Sheet1!$L22 -> 2714
C23: =C22+1 -> 7 | D23: ASHWIN THAMBAN K V | E23: DST | F23: =$F$13 -> 400 | G23: =J23*$F$12+F23+Sheet1!$K23+Sheet1!$L23 -> 2714 | H23: 26 | J23: =H23-(I23*0.7) -> 26 | M23: =Sheet1!$F23+$F$12*Sheet1!$J23+Sheet1!$K23+Sheet1!$L23 -> 2714
C24: =C23+1 -> 8 | D24: EDWIN NADAKKALAN | E24: DST | F24: =$F$13 -> 400 | G24: =J24*$F$12+F24+Sheet1!$K24+Sheet1!$L24 -> 2714 | H24: 26 | J24: =H24-(I24*0.7) -> 26 | M24: =Sheet1!$F24+$F$12*Sheet1!$J24+Sheet1!$K24+Sheet1!$L24 -> 2714
C25: =C24+1 -> 9 | D25: HARIDEEP | E25: DST | F25: =$F$13 -> 400 | G25: =J25*$F$12+F25+Sheet1!$K25+Sheet1!$L25 -> 2714 | H25: 26 | J25: =H25-(I25*0.7) -> 26 | M25: =Sheet1!$F25+$F$12*Sheet1!$J25+Sheet1!$K25+Sheet1!$L25 -> 2714
C26: =C25+1 -> 10 | D26: KRISHNA KUMAR | E26: DST | F26: =$F$13 -> 400 | G26: =J26*$F$12+F26+Sheet1!$K26+Sheet1!$L26 -> 2714 | H26: 26 | J26: =H26-(I26*0.7) -> 26 | M26: =Sheet1!$F26+$F$12*Sheet1!$J26+Sheet1!$K26+Sheet1!$L26 -> 2714
C27: =C26+1 -> 11 | D27: MANUVAL MATHEW | E27: DST | F27: =$F$13 -> 400 | G27: =J27*$F$12+F27+Sheet1!$K27+Sheet1!$L27 -> 2714 | H27: 26 | J27: =H27-(I27*0.7) -> 26 | M27: =Sheet1!$F27+$F$12*Sheet1!$J27+Sheet1!$K27+Sheet1!$L27 -> 2714
C28: =C27+1 -> 12 | D28: NOUBIL MAJID | E28: DST | F28: =$F$13 -> 400 | G28: =J28*$F$12+F28+Sheet1!$K28+Sheet1!$L28 -> 2714 | H28: 26 | J28: =H28-(I28*0.7) -> 26 | M28: =Sheet1!$F28+$F$12*Sheet1!$J28+Sheet1!$K28+Sheet1!$L28 -> 2714
C29: =C28+1 -> 13 | D29: SADATH | E29: DST | F29: =$F$13 -> 400 | G29: =J29*$F$12+F29+Sheet1!$K29+Sheet1!$L29 -> 2277.9 | H29: 26 | I29: 7 | J29: =H29-(I29*0.7) -> 21.1 | M29: =Sheet1!$F29+$F$12*Sheet1!$J29+Sheet1!$K29+Sheet1!$L29 -> 2277.9
C30: =C29+1 -> 14 | D30: SIDHARTH A | E30: DST | F30: =$F$13 -> 400 | G30: =J30*$F$12+F30+Sheet1!$K30+Sheet1!$L30 -> 2714 | H30: 26 | J30: =H30-(I30*0.7) -> 26 | M30: =Sheet1!$F30+$F$12*Sheet1!$J30+Sheet1!$K30+Sheet1!$L30 -> 2714
C31: =C30+1 -> 15 | D31: SHANE | E31: DST | F31: =$F$13 -> 400 | G31: =J31*$F$12+F31+Sheet1!$K31+Sheet1!$L31 -> 2091 | H31: 26 | I31: 10 | J31: =H31-(I31*0.7) -> 19 | M31: =Sheet1!$F31+$F$12*Sheet1!$J31+Sheet1!$K31+Sheet1!$L31 -> 2091
C32: =C31+1 -> 16 | D32: AKHIL | E32: DST | F32: =$F$13 -> 400 | G32: =J32*$F$12+F32+Sheet1!$K32+Sheet1!$L32 -> 2714 | H32: 26 | J32: =H32-(I32*0.7) -> 26 | M32: =Sheet1!$F32+$F$12*Sheet1!$J32+Sheet1!$K32+Sheet1!$L32 -> 2714
C33: =C32+1 -> 17 | D33: Peyoosh | E33: DST | F33: =$F$13 -> 400 | G33: =J33*$F$12+F33+Sheet1!$K33+Sheet1!$L33 -> 2714 | H33: 26 | J33: =H33-(I33*0.7) -> 26 | M33: =Sheet1!$F33+$F$12*Sheet1!$J33+Sheet1!$K33+Sheet1!$L33 -> 2714
C34: =C33+1 -> 18 | D34: Adeeb | E34: DST | F34: =$F$13 -> 400 | G34: =J34*$F$12+F34+Sheet1!$K34+Sheet1!$L34 -> 2714 | H34: 26 | J34: =H34-(I34*0.7) -> 26 | M34: =Sheet1!$F34+$F$12*Sheet1!$J34+Sheet1!$K34+Sheet1!$L34 -> 2714
C35: =C34+1 -> 19 | D35: Abhishek .S | E35: DST | F35: =$F$13 -> 400 | G35: =J35*$F$12+F35+Sheet1!$K35+Sheet1!$L35 -> 2464.8 | H35: 26 | I35: 4 | J35: =H35-(I35*0.7) -> 23.2 | M35: =Sheet1!$F35+$F$12*Sheet1!$J35+Sheet1!$K35+Sheet1!$L35 -> 2464.8
C36: =C35+1 -> 20 | D36: Abhishek VN | E36: DST | F36: =$F$13 -> 400 | G36: =J36*$F$12+F36+Sheet1!$K36+Sheet1!$L36 -> 2714 | H36: 26 | J36: =H36-(I36*0.7) -> 26 | M36: =Sheet1!$F36+$F$12*Sheet1!$J36+Sheet1!$K36+Sheet1!$L36 -> 2714
C37: =C36+1 -> 21 | D37: Adarsh T Biju | E37: DST | F37: =$F$13 -> 400 | G37: =J37*$F$12+F37+Sheet1!$K37+Sheet1!$L37 -> 2277.9 | H37: 26 | I37: 7 | J37: =H37-(I37*0.7) -> 21.1 | M37: =Sheet1!$F37+$F$12*Sheet1!$J37+Sheet1!$K37+Sheet1!$L37 -> 2277.9
C38: =C37+1 -> 22 | D38: Adith S Vinod | E38: DST | F38: =$F$13 -> 400 | G38: =J38*$F$12+F38+Sheet1!$K38+Sheet1!$L38 -> 2714 | H38: 26 | J38: =H38-(I38*0.7) -> 26 | M38: =Sheet1!$F38+$F$12*Sheet1!$J38+Sheet1!$K38+Sheet1!$L38 -> 2714
C39: =C38+1 -> 23 | D39: Advaith Ullas | E39: DST | F39: =$F$13 -> 400 | G39: =J39*$F$12+F39+Sheet1!$K39+Sheet1!$L39 -> 2714 | H39: 26 | J39: =H39-(I39*0.7) -> 26 | M39: =Sheet1!$F39+$F$12*Sheet1!$J39+Sheet1!$K39+Sheet1!$L39 -> 2714
C40: =C39+1 -> 24 | D40: Akhil Jose | E40: DST | F40: =$F$13 -> 400 | G40: =J40*$F$12+F40+Sheet1!$K40+Sheet1!$L40 -> 2153.3 | H40: 26 | I40: 9 | J40: =H40-(I40*0.7) -> 19.7 | M40: =Sheet1!$F40+$F$12*Sheet1!$J40+Sheet1!$K40+Sheet1!$L40 -> 2153.3
C41: =C40+1 -> 25 | D41: Anandu K | E41: DST | F41: =$F$13 -> 400 | G41: =J41*$F$12+F41+Sheet1!$K41+Sheet1!$L41 -> 2527.1 | H41: 26 | I41: 3 | J41: =H41-(I41*0.7) -> 23.9 | M41: =Sheet1!$F41+$F$12*Sheet1!$J41+Sheet1!$K41+Sheet1!$L41 -> 2527.1
C42: =C41+1 -> 26 | D42: Devadath Uday P.K | E42: DST | F42: =$F$13 -> 400 | G42: =J42*$F$12+F42+Sheet1!$K42+Sheet1!$L42 -> 2714 | H42: 26 | J42: =H42-(I42*0.7) -> 26 | M42: =Sheet1!$F42+$F$12*Sheet1!$J42+Sheet1!$K42+Sheet1!$L42 -> 2714
C43: =C42+1 -> 27 | D43: Haridevan.v | E43: DST | F43: =$F$13 -> 400 | G43: =J43*$F$12+F43+Sheet1!$K43+Sheet1!$L43 -> 2651.7 | H43: 26 | I43: 1 | J43: =H43-(I43*0.7) -> 25.3 | M43: =Sheet1!$F43+$F$12*Sheet1!$J43+Sheet1!$K43+Sheet1!$L43 -> 2651.7
C44: =C43+1 -> 28 | D44: Rohith SANTHOSH | E44: DST | F44: =$F$13 -> 400 | G44: =J44*$F$12+F44+Sheet1!$K44+Sheet1!$L44 -> 2714 | H44: 26 | J44: =H44-(I44*0.7) -> 26 | M44: =Sheet1!$F44+$F$12*Sheet1!$J44+Sheet1!$K44+Sheet1!$L44 -> 2714
C45: =C44+1 -> 29 | D45: Ismail V.J | E45: DST | F45: =$F$13 -> 400 | G45: =J45*$F$12+F45+Sheet1!$K45+Sheet1!$L45 -> 2091 | H45: 26 | I45: 10 | J45: =H45-(I45*0.7) -> 19 | M45: =Sheet1!$F45+$F$12*Sheet1!$J45+Sheet1!$K45+Sheet1!$L45 -> 2091
C46: =C45+1 -> 30 | D46: Josphin Devassy | E46: DST | F46: =$F$13 -> 400 | G46: =J46*$F$12+F46+Sheet1!$K46+Sheet1!$L46 -> 1468 | H46: 26 | I46: 20 | J46: =H46-(I46*0.7) -> 12 | M46: =Sheet1!$F46+$F$12*Sheet1!$J46+Sheet1!$K46+Sheet1!$L46 -> 1468
C47: =C46+1 -> 31 | D47: Jyothis Krishna A.K | E47: DST | F47: =$F$13 -> 400 | G47: =J47*$F$12+F47+Sheet1!$K47+Sheet1!$L47 -> 2714 | H47: 26 | J47: =H47-(I47*0.7) -> 26 | M47: =Sheet1!$F47+$F$12*Sheet1!$J47+Sheet1!$K47+Sheet1!$L47 -> 2714
C48: =C47+1 -> 32 | D48: Mohammed Irfan M | E48: DST | F48: =$F$13 -> 400 | G48: =J48*$F$12+F48+Sheet1!$K48+Sheet1!$L48 -> 2464.8 | H48: 26 | I48: 4 | J48: =H48-(I48*0.7) -> 23.2 | M48: =Sheet1!$F48+$F$12*Sheet1!$J48+Sheet1!$K48+Sheet1!$L48 -> 2464.8
C49: =C48+1 -> 33 | D49: Muhammed Shafad | E49: DST | F49: =$F$13 -> 400 | G49: =J49*$F$12+F49+Sheet1!$K49+Sheet1!$L49 -> 2714 | H49: 26 | J49: =H49-(I49*0.7) -> 26 | M49: =Sheet1!$F49+$F$12*Sheet1!$J49+Sheet1!$K49+Sheet1!$L49 -> 2714
C50: =C49+1 -> 34 | D50: Muhmmed Sinan | E50: DST | F50: =$F$13 -> 400 | G50: =J50*$F$12+F50+Sheet1!$K50+Sheet1!$L50 -> 2714 | H50: 26 | J50: =H50-(I50*0.7) -> 26 | M50: =Sheet1!$F50+$F$12*Sheet1!$J50+Sheet1!$K50+Sheet1!$L50 -> 2714
C51: =C50+1 -> 35 | D51: Parthan G | E51: DST | F51: =$F$13 -> 400 | G51: =J51*$F$12+F51+Sheet1!$K51+Sheet1!$L51 -> 2651.7 | H51: 26 | I51: 1 | J51: =H51-(I51*0.7) -> 25.3 | M51: =Sheet1!$F51+$F$12*Sheet1!$J51+Sheet1!$K51+Sheet1!$L51 -> 2651.7
C52: =C51+1 -> 36 | D52: Pranav Assissi | E52: DST | F52: =$F$13 -> 400 | G52: =J52*$F$12+F52+Sheet1!$K52+Sheet1!$L52 -> 2714 | H52: 26 | J52: =H52-(I52*0.7) -> 26 | M52: =Sheet1!$F52+$F$12*Sheet1!$J52+Sheet1!$K52+Sheet1!$L52 -> 2714
C53: =C52+1 -> 37 | D53: Pranav B Mandakath | E53: DST | F53: =$F$13 -> 400 | G53: =J53*$F$12+F53+Sheet1!$K53+Sheet1!$L53 -> 2651.7 | H53: 26 | I53: 1 | J53: =H53-(I53*0.7) -> 25.3 | M53: =Sheet1!$F53+$F$12*Sheet1!$J53+Sheet1!$K53+Sheet1!$L53 -> 2651.7
C54: =C53+1 -> 38 | D54: Pranav P P | E54: DST | F54: =$F$13 -> 400 | G54: =J54*$F$12+F54+Sheet1!$K54+Sheet1!$L54 -> 2527.1 | H54: 26 | I54: 3 | J54: =H54-(I54*0.7) -> 23.9 | M54: =Sheet1!$F54+$F$12*Sheet1!$J54+Sheet1!$K54+Sheet1!$L54 -> 2527.1
C55: =C54+1 -> 39 | D55: Sivaram Jayagopal | E55: DST | F55: =$F$13 -> 400 | G55: =J55*$F$12+F55+Sheet1!$K55+Sheet1!$L55 -> 2714 | H55: 26 | J55: =H55-(I55*0.7) -> 26 | M55: =Sheet1!$F55+$F$12*Sheet1!$J55+Sheet1!$K55+Sheet1!$L55 -> 2714
C56: =C55+1 -> 40 | D56: Vignesh S | E56: DST | F56: =$F$13 -> 400 | G56: =J56*$F$12+F56+Sheet1!$K56+Sheet1!$L56 -> 2834 | H56: 26 | J56: =H56-(I56*0.7) -> 26 | K56: 120 | M56: =Sheet1!$F56+$F$12*Sheet1!$J56+Sheet1!$K56+Sheet1!$L56 -> 2834
C57: =C56+1 -> 41 | D57: Yadhukrishna M A | E57: DST | F57: =$F$13 -> 400 | G57: =J57*$F$12+F57+Sheet1!$K57+Sheet1!$L57 -> 2714 | H57: 26 | J57: =H57-(I57*0.7) -> 26 | M57: =Sheet1!$F57+$F$12*Sheet1!$J57+Sheet1!$K57+Sheet1!$L57 -> 2714
C58: =C57+1 -> 42 | D58: MS ATHULJITH | E58: DST | F58: =$F$13 -> 400 | G58: =J58*$F$12+F58+Sheet1!$K58+Sheet1!$L58 -> 2527.1 | H58: 26 | I58: 3 | J58: =H58-(I58*0.7) -> 23.9 | M58: =Sheet1!$F58+$F$12*Sheet1!$J58+Sheet1!$K58+Sheet1!$L58 -> 2527.1
C59: =C58+1 -> 43 | D59: CHRIS MATHEW | E59: DST | F59: =$F$13 -> 400 | G59: =J59*$F$12+F59+Sheet1!$K59+Sheet1!$L59 -> 2714 | H59: 26 | J59: =H59-(I59*0.7) -> 26 | M59: =Sheet1!$F59+$F$12*Sheet1!$J59+Sheet1!$K59+Sheet1!$L59 -> 2714
C60: =C59+1 -> 44 | D60: ADITHYAN P | E60: DST | F60: =$F$13 -> 400 | G60: =J60*$F$12+F60+Sheet1!$K60+Sheet1!$L60 -> 2464.8 | H60: 26 | I60: 4 | J60: =H60-(I60*0.7) -> 23.2 | M60: =Sheet1!$F60+$F$12*Sheet1!$J60+Sheet1!$K60+Sheet1!$L60 -> 2464.8
C61: =C60+1 -> 45 | D61: ABHIRAMAN SS NAIR | E61: DST | F61: =$F$13 -> 400 | G61: =J61*$F$12+F61+Sheet1!$K61+Sheet1!$L61 -> 2402.5 | H61: 26 | I61: 5 | J61: =H61-(I61*0.7) -> 22.5 | M61: =Sheet1!$F61+$F$12*Sheet1!$J61+Sheet1!$K61+Sheet1!$L61 -> 2402.5
C62: =C61+1 -> 46 | D62: FARVEES | E62: DST | F62: =$F$13 -> 400 | G62: =J62*$F$12+F62+Sheet1!$K62+Sheet1!$L62 -> 2714 | H62: 26 | J62: =H62-(I62*0.7) -> 26 | M62: =Sheet1!$F62+$F$12*Sheet1!$J62+Sheet1!$K62+Sheet1!$L62 -> 2714
C63: =C62+1 -> 47 | D63: Devanaarayan | E63: DST | F63: =$F$13 -> 400 | G63: =J63*$F$12+F63+Sheet1!$K63+Sheet1!$L63 -> 2714 | H63: 26 | J63: =H63-(I63*0.7) -> 26 | M63: =Sheet1!$F63+$F$12*Sheet1!$J63+Sheet1!$K63+Sheet1!$L63 -> 2714
C64: =C63+1 -> 48 | D64: NIHAL K C MAHESH | E64: DST | F64: =$F$13 -> 400 | G64: =J64*$F$12+F64+Sheet1!$K64+Sheet1!$L64 -> 2714 | H64: 26 | J64: =H64-(I64*0.7) -> 26 | M64: =Sheet1!$F64+$F$12*Sheet1!$J64+Sheet1!$K64+Sheet1!$L64 -> 2714
C65: =C64+1 -> 49 | D65: DEEPAK K | E65: DST | F65: =$F$13 -> 400 | G65: =J65*$F$12+F65+Sheet1!$K65+Sheet1!$L65 -> 2527.1 | H65: 26 | I65: 3 | J65: =H65-(I65*0.7) -> 23.9 | M65: =Sheet1!$F65+$F$12*Sheet1!$J65+Sheet1!$K65+Sheet1!$L65 -> 2527.1
C66: =C65+1 -> 50 | D66: Mihir A K | E66: DST | F66: =$F$13 -> 400 | G66: =J66*$F$12+F66+Sheet1!$K66+Sheet1!$L66 -> 2714 | H66: 26 | J66: =H66-(I66*0.7) -> 26 | M66: =Sheet1!$F66+$F$12*Sheet1!$J66+Sheet1!$K66+Sheet1!$L66 -> 2714
C67: =C66+1 -> 51 | D67: Navaneeth A | E67: DST | F67: =$F$13 -> 400 | G67: =J67*$F$12+F67+Sheet1!$K67+Sheet1!$L67 -> 2527.1 | H67: 26 | I67: 3 | J67: =H67-(I67*0.7) -> 23.9 | M67: =Sheet1!$F67+$F$12*Sheet1!$J67+Sheet1!$K67+Sheet1!$L67 -> 2527.1
C68: =C67+1 -> 52 | D68: VISHNU R SURESH | E68: DST | F68: =$F$13 -> 400 | G68: =J68*$F$12+F68+Sheet1!$K68+Sheet1!$L68 -> 2714 | H68: 26 | J68: =H68-(I68*0.7) -> 26 | M68: =Sheet1!$F68+$F$12*Sheet1!$J68+Sheet1!$K68+Sheet1!$L68 -> 2714
C69: =C68+1 -> 53 | D69: Nabeel ahamed kp | E69: DST | F69: =$F$13 -> 400 | G69: =J69*$F$12+F69+Sheet1!$K69+Sheet1!$L69 -> 2724 | H69: 26 | J69: =H69-(I69*0.7) -> 26 | L69: 10 | M69: =Sheet1!$F69+$F$12*Sheet1!$J69+Sheet1!$K69+Sheet1!$L69 -> 2724
C70: =C69+1 -> 54 | D70: Arjun m | E70: DST | F70: =$F$13 -> 400 | G70: =J70*$F$12+F70+Sheet1!$K70+Sheet1!$L70 -> 2532.1 | H70: 26 | I70: 3 | J70: =H70-(I70*0.7) -> 23.9 | L70: 5 | M70: =Sheet1!$F70+$F$12*Sheet1!$J70+Sheet1!$K70+Sheet1!$L70 -> 2532.1
C71: =C70+1 -> 55 | D71: SHYAM LAL N | E71: DST | F71: =$F$13 -> 400 | G71: =J71*$F$12+F71+Sheet1!$K71+Sheet1!$L71 -> 2714 | H71: 26 | J71: =H71-(I71*0.7) -> 26 | M71: =Sheet1!$F71+$F$12*Sheet1!$J71+Sheet1!$K71+Sheet1!$L71 -> 2714
C72: =C71+1 -> 56 | D72: Vyshnav K M | E72: DST | F72: =$F$13 -> 400 | G72: =J72*$F$12+F72+Sheet1!$K72+Sheet1!$L72 -> 2345.2 | H72: 26 | I72: 6 | J72: =H72-(I72*0.7) -> 21.8 | L72: 5 | M72: =Sheet1!$F72+$F$12*Sheet1!$J72+Sheet1!$K72+Sheet1!$L72 -> 2345.2
C73: =C72+1 -> 57 | D73: AKSHAY JOJO | E73: DST | F73: =$F$13 -> 400 | G73: =J73*$F$12+F73+Sheet1!$K73+Sheet1!$L73 -> 2345.2 | H73: 26 | I73: 6 | J73: =H73-(I73*0.7) -> 21.8 | L73: 5 | M73: =Sheet1!$F73+$F$12*Sheet1!$J73+Sheet1!$K73+Sheet1!$L73 -> 2345.2
C74: =C73+1 -> 58 | D74: Sinoj | E74: DST | F74: =$F$13 -> 400 | G74: =J74*$F$12+F74+Sheet1!$K74+Sheet1!$L74 -> 2671.7 | H74: 26 | I74: 1 | J74: =H74-(I74*0.7) -> 25.3 | L74: 20 | M74: =Sheet1!$F74+$F$12*Sheet1!$J74+Sheet1!$K74+Sheet1!$L74 -> 2671.7
C75: =C74+1 -> 59 | D75: ABHISHEK U S | E75: APPLIED ECONOMICS | F75: =$F$13 -> 400 | G75: =J75*$F$12+F75+Sheet1!$K75+Sheet1!$L75 -> 2769 | H75: 26 | J75: =H75-(I75*0.7) -> 26 | L75: 55 | M75: =Sheet1!$F75+$F$12*Sheet1!$J75+Sheet1!$K75+Sheet1!$L75 -> 2769
C76: =C75+1 -> 60 | D76: MOHAMMAD ESHAQUE | E76: APPLIED ECONOMICS | F76: =$F$13 -> 400 | G76: =J76*$F$12+F76+Sheet1!$K76+Sheet1!$L76 -> 2340.2 | H76: 26 | I76: 6 | J76: =H76-(I76*0.7) -> 21.8 | M76: =Sheet1!$F76+$F$12*Sheet1!$J76+Sheet1!$K76+Sheet1!$L76 -> 2340.2
C77: =C76+1 -> 61 | D77: S BHANULAL | E77: APPLIED ECONOMICS | F77: =$F$13 -> 400 | G77: =J77*$F$12+F77+Sheet1!$K77+Sheet1!$L77 -> 2469.8 | H77: 26 | I77: 4 | J77: =H77-(I77*0.7) -> 23.2 | L77: 5 | M77: =Sheet1!$F77+$F$12*Sheet1!$J77+Sheet1!$K77+Sheet1!$L77 -> 2469.8
C78: =C77+1 -> 62 | D78: Aryan U S | E78: Applied Economics | F78: =$F$13 -> 400 | G78: =J78*$F$12+F78+Sheet1!$K78+Sheet1!$L78 -> 2412.5 | H78: 26 | I78: 5 | J78: =H78-(I78*0.7) -> 22.5 | L78: 10 | M78: =Sheet1!$F78+$F$12*Sheet1!$J78+Sheet1!$K78+Sheet1!$L78 -> 2412.5
C79: =C78+1 -> 63 | D79: AJAY S | E79: DCS | F79: =$F$13 -> 400 | G79: =J79*$F$12+F79+Sheet1!$K79+Sheet1!$L79 -> 2532.1 | H79: 26 | I79: 3 | J79: =H79-(I79*0.7) -> 23.9 | L79: 5 | M79: =Sheet1!$F79+$F$12*Sheet1!$J79+Sheet1!$K79+Sheet1!$L79 -> 2532.1
C80: =C79+1 -> 64 | D80: Nandakishore V J | E80: DCS | F80: =$F$13 -> 400 | G80: =J80*$F$12+F80+Sheet1!$K80+Sheet1!$L80 -> 2714 | H80: 26 | J80: =H80-(I80*0.7) -> 26 | M80: =Sheet1!$F80+$F$12*Sheet1!$J80+Sheet1!$K80+Sheet1!$L80 -> 2714
C81: =C80+1 -> 65 | D81: Prajul P | E81: DCS | F81: =$F$13 -> 400 | G81: =J81*$F$12+F81+Sheet1!$K81+Sheet1!$L81 -> 2714 | H81: 26 | J81: =H81-(I81*0.7) -> 26 | M81: =Sheet1!$F81+$F$12*Sheet1!$J81+Sheet1!$K81+Sheet1!$L81 -> 2714
C82: =C81+1 -> 66 | D82: BASIL SAM | E82: DCS | F82: =$F$13 -> 400 | G82: =J82*$F$12+F82+Sheet1!$K82+Sheet1!$L82 -> 2537.1 | H82: 26 | I82: 3 | J82: =H82-(I82*0.7) -> 23.9 | L82: 10 | M82: =Sheet1!$F82+$F$12*Sheet1!$J82+Sheet1!$K82+Sheet1!$L82 -> 2537.1
C83: =C82+1 -> 67 | D83: GS Navajith | E83: DCS | F83: =$F$13 -> 400 | G83: =J83*$F$12+F83+Sheet1!$K83+Sheet1!$L83 -> 2719 | H83: 26 | J83: =H83-(I83*0.7) -> 26 | L83: 5 | M83: =Sheet1!$F83+$F$12*Sheet1!$J83+Sheet1!$K83+Sheet1!$L83 -> 2719
C84: =C83+1 -> 68 | D84: AADITHYA SHANKAR | E84: DCS | F84: =$F$13 -> 400 | G84: =J84*$F$12+F84+Sheet1!$K84+Sheet1!$L84 -> 2527.1 | H84: 26 | I84: 3 | J84: =H84-(I84*0.7) -> 23.9 | M84: =Sheet1!$F84+$F$12*Sheet1!$J84+Sheet1!$K84+Sheet1!$L84 -> 2527.1
C85: =C84+1 -> 69 | D85: SREERAM P | E85: DCS | F85: =$F$13 -> 400 | G85: =J85*$F$12+F85+Sheet1!$K85+Sheet1!$L85 -> 2091 | H85: 26 | I85: 10 | J85: =H85-(I85*0.7) -> 19 | M85: =Sheet1!$F85+$F$12*Sheet1!$J85+Sheet1!$K85+Sheet1!$L85 -> 2091
C86: =C85+1 -> 70 | D86: ABHINAV K G | E86: DCS | F86: =$F$13 -> 400 | G86: =J86*$F$12+F86+Sheet1!$K86+Sheet1!$L86 -> 2527.1 | H86: 26 | I86: 3 | J86: =H86-(I86*0.7) -> 23.9 | M86: =Sheet1!$F86+$F$12*Sheet1!$J86+Sheet1!$K86+Sheet1!$L86 -> 2527.1
C87: =C86+1 -> 71 | D87: SHABEER MOHAMMED | E87: DCS | F87: =$F$13 -> 400 | G87: =J87*$F$12+F87+Sheet1!$K87+Sheet1!$L87 -> 2153.3 | H87: 26 | I87: 9 | J87: =H87-(I87*0.7) -> 19.7 | M87: =Sheet1!$F87+$F$12*Sheet1!$J87+Sheet1!$K87+Sheet1!$L87 -> 2153.3
C88: =C87+1 -> 72 | D88: RABEAH BASHEER | E88: DCS | F88: =$F$13 -> 400 | G88: =J88*$F$12+F88+Sheet1!$K88+Sheet1!$L88 -> 2043.7 | H88: 26 | I88: 11 | J88: =H88-(I88*0.7) -> 18.3 | L88: 15 | M88: =Sheet1!$F88+$F$12*Sheet1!$J88+Sheet1!$K88+Sheet1!$L88 -> 2043.7
C89: =C88+1 -> 73 | D89: THEJUS S | E89: DCS | F89: =$F$13 -> 400 | G89: =J89*$F$12+F89+Sheet1!$K89+Sheet1!$L89 -> 2714 | H89: 26 | J89: =H89-(I89*0.7) -> 26 | M89: =Sheet1!$F89+$F$12*Sheet1!$J89+Sheet1!$K89+Sheet1!$L89 -> 2714
C90: =C89+1 -> 74 | D90: JEEVAN DAS | E90: DCS | F90: =$F$13 -> 400 | G90: =J90*$F$12+F90+Sheet1!$K90+Sheet1!$L90 -> 2724 | H90: 26 | J90: =H90-(I90*0.7) -> 26 | L90: 10 | M90: =Sheet1!$F90+$F$12*Sheet1!$J90+Sheet1!$K90+Sheet1!$L90 -> 2724
C91: =C90+1 -> 75 | D91: Nandakishor | E91: Dep of Atmospheric Science | F91: =$F$13 -> 400 | G91: =J91*$F$12+F91+Sheet1!$K91+Sheet1!$L91 -> 2474.8 | H91: 26 | I91: 4 | J91: =H91-(I91*0.7) -> 23.2 | L91: 10 | M91: =Sheet1!$F91+$F$12*Sheet1!$J91+Sheet1!$K91+Sheet1!$L91 -> 2474.8
C92: =C91+1 -> 76 | D92: PRASHOB A M | E92: DEPARTMENT OF ATMOSPHERIC SCIENCE | F92: =$F$13 -> 400 | G92: =J92*$F$12+F92+Sheet1!$K92+Sheet1!$L92 -> 2724 | H92: 26 | J92: =H92-(I92*0.7) -> 26 | L92: 10 | M92: =Sheet1!$F92+$F$12*Sheet1!$J92+Sheet1!$K92+Sheet1!$L92 -> 2724
C93: =C92+1 -> 77 | D93: ARJUN T | E93: DEPARTMENT OF ATMOSPHERIC SCIENCE | F93: =$F$13 -> 400 | G93: =J93*$F$12+F93+Sheet1!$K93+Sheet1!$L93 -> 2527.1 | H93: 26 | I93: 3 | J93: =H93-(I93*0.7) -> 23.9 | M93: =Sheet1!$F93+$F$12*Sheet1!$J93+Sheet1!$K93+Sheet1!$L93 -> 2527.1
C94: =C93+1 -> 78 | D94: RIJIN RAMAKRISHNAN | E94: DEPARTMENT OF CHEMICAL OCEANOGRAPHY | F94: =$F$13 -> 400 | G94: =J94*$F$12+F94+Sheet1!$K94+Sheet1!$L94 -> 2714 | H94: 26 | J94: =H94-(I94*0.7) -> 26 | M94: =Sheet1!$F94+$F$12*Sheet1!$J94+Sheet1!$K94+Sheet1!$L94 -> 2714
C95: =C94+1 -> 79 | D95: VIJAY UNNI A | E95: DEPARTMENT OF HINDI | F95: =$F$13 -> 400 | G95: =J95*$F$12+F95+Sheet1!$K95+Sheet1!$L95 -> 2729 | H95: 26 | J95: =H95-(I95*0.7) -> 26 | L95: 15 | M95: =Sheet1!$F95+$F$12*Sheet1!$J95+Sheet1!$K95+Sheet1!$L95 -> 2729
C96: =C95+1 -> 80 | D96: SOURAV P | E96: DEPARTMENT OF MARINE GEOPHYSICS AND GEOLOGY | F96: =$F$13 -> 400 | G96: =J96*$F$12+F96+Sheet1!$K96+Sheet1!$L96 -> 2230.6 | H96: 26 | I96: 8 | J96: =H96-(I96*0.7) -> 20.4 | L96: 15 | M96: =Sheet1!$F96+$F$12*Sheet1!$J96+Sheet1!$K96+Sheet1!$L96 -> 2230.6
C97: =C96+1 -> 81 | D97: HAMID T | E97: DEPARTMENT OF PHYSICAL OCEANOGRAPHY | F97: =$F$13 -> 400 | G97: =J97*$F$12+F97+Sheet1!$K97+Sheet1!$L97 -> 2345.2 | H97: 26 | I97: 6 | J97: =H97-(I97*0.7) -> 21.8 | L97: 5 | M97: =Sheet1!$F97+$F$12*Sheet1!$J97+Sheet1!$K97+Sheet1!$L97 -> 2345.2
C98: =C97+1 -> 82 | D98: RAHUL KRISHNA R | E98: DEPARTMENT OF STATISTICS | F98: =$F$13 -> 400 | G98: =J98*$F$12+F98+Sheet1!$K98+Sheet1!$L98 -> 2464.8 | H98: 26 | I98: 4 | J98: =H98-(I98*0.7) -> 23.2 | M98: =Sheet1!$F98+$F$12*Sheet1!$J98+Sheet1!$K98+Sheet1!$L98 -> 2464.8
C99: =C98+1 -> 83 | D99: S Krishnajith | E99: ICREP | F99: =$F$13 -> 400 | G99: =J99*$F$12+F99+Sheet1!$K99+Sheet1!$L99 -> 2719 | H99: 26 | J99: =H99-(I99*0.7) -> 26 | L99: 5 | M99: =Sheet1!$F99+$F$12*Sheet1!$J99+Sheet1!$K99+Sheet1!$L99 -> 2719
C100: =C99+1 -> 84 | D100: Jagath Ajithkumar | E100: ICREP | F100: =$F$13 -> 400 | G100: =J100*$F$12+F100+Sheet1!$K100+Sheet1!$L100 -> 2589.4 | H100: 26 | I100: 2 | J100: =H100-(I100*0.7) -> 24.6 | M100: =Sheet1!$F100+$F$12*Sheet1!$J100+Sheet1!$K100+Sheet1!$L100 -> 2589.4
C101: =C100+1 -> 85 | D101: GALZAN SHA | E101: ICREP | F101: =$F$13 -> 400 | G101: =J101*$F$12+F101+Sheet1!$K101+Sheet1!$L101 -> 2719 | H101: 26 | J101: =H101-(I101*0.7) -> 26 | L101: 5 | M101: =Sheet1!$F101+$F$12*Sheet1!$J101+Sheet1!$K101+Sheet1!$L101 -> 2719
C102: =C101+1 -> 86 | D102: YADHUKRISHNA | E102: ICREP | F102: =$F$13 -> 400 | G102: =J102*$F$12+F102+Sheet1!$K102+Sheet1!$L102 -> 2340.2 | H102: 26 | I102: 6 | J102: =H102-(I102*0.7) -> 21.8 | M102: =Sheet1!$F102+$F$12*Sheet1!$J102+Sheet1!$K102+Sheet1!$L102 -> 2340.2
C103: =C102+1 -> 87 | D103: VAISHNAV P | E103: IMSC MATHEMATICS | F103: =$F$13 -> 400 | G103: =J103*$F$12+F103+Sheet1!$K103+Sheet1!$L103 -> 2287.9 | H103: 26 | I103: 7 | J103: =H103-(I103*0.7) -> 21.1 | L103: 10 | M103: =Sheet1!$F103+$F$12*Sheet1!$J103+Sheet1!$K103+Sheet1!$L103 -> 2287.9
C104: =C103+1 -> 88 | D104: Aswin Vakkayil | E104: Msc Maths | F104: =$F$13 -> 400 | G104: =J104*$F$12+F104+Sheet1!$K104+Sheet1!$L104 -> 2469.8 | H104: 26 | I104: 4 | J104: =H104-(I104*0.7) -> 23.2 | L104: 5 | M104: =Sheet1!$F104+$F$12*Sheet1!$J104+Sheet1!$K104+Sheet1!$L104 -> 2469.8
C105: =C104+1 -> 89 | D105: Abhinav kv | E105: Physical oceanography | F105: =$F$13 -> 400 | G105: =J105*$F$12+F105+Sheet1!$K105+Sheet1!$L105 -> 2719 | H105: 26 | J105: =H105-(I105*0.7) -> 26 | L105: 5 | M105: =Sheet1!$F105+$F$12*Sheet1!$J105+Sheet1!$K105+Sheet1!$L105 -> 2719
C106: =C105+1 -> 90 | D106: SHYAM PRAKASH | E106: PHYSICAL OCEANOGRAPHY | F106: =$F$13 -> 400 | G106: =J106*$F$12+F106+Sheet1!$K106+Sheet1!$L106 -> 2734 | H106: 26 | J106: =H106-(I106*0.7) -> 26 | L106: 20 | M106: =Sheet1!$F106+$F$12*Sheet1!$J106+Sheet1!$K106+Sheet1!$L106 -> 2734
C107: =C106+1 -> 91 | D107: ALBIN GEORGE | E107: SMS | F107: =$F$13 -> 400 | G107: =J107*$F$12+F107+Sheet1!$K107+Sheet1!$L107 -> 2714 | H107: 26 | J107: =H107-(I107*0.7) -> 26 | M107: =Sheet1!$F107+$F$12*Sheet1!$J107+Sheet1!$K107+Sheet1!$L107 -> 2714
...

Sheet Sheet2
F2: SIBERIA HOSTEL
F3: MESS BILL | G3: 2025 | H3: AUGUST
E4: Opening Stock | F4: 0 | G4: Salary | H4: 49000
E5: Total Expences | F5: =2045*97 -> 198365 | G5: Allowance | H5: 6000
E6: Extras | F6: 1260 | G6: MISCELLANEOUS | H6: 4500
E7: Closing Stock | F7: 2000 | G7: BONUS | H7: 15000
E8: Per day charge | F8: 89
E9: Est. Charge | F9: 400
D14: SL.NO | E14: NAME | F14: DEPARTMENT | G14: EST | H14: TOTAL DAYS | I14: MESSCUT | J14: EFFECTIVE DAYS | K14: GUEST | L14: LATE MESS | M14: EXTRAS | N14: FINAL
D15: 1 | E15: ALAN P SUNIL | F15: CIVIL | G15: =$F$9 -> 400 | H15: 26 | I15: 13 | J15: =H15-(I15*0.7) -> 16.9 | N15: =J15*$F$8+G15+M15+L15+K15 -> 1904.1
D16: =D15+1 -> 2 | E16: RAYID MUHAMMED | F16: CIVIL | G16: =$F$9 -> 400 | H16: 26 | I16: 3 | J16: =H16-(I16*0.7) -> 23.9 | L16: 5 | N16: =J16*$F$8+G16+M16+L16+K16 -> 2532.1
D17: =D16+1 -> 3 | E17: ADWAITH M | F17: CIVIL | G17: =$F$9 -> 400 | H17: 26 | I17: 3 | J17: =H17-(I17*0.7) -> 23.9 | N17: =J17*$F$8+G17+M17+L17+K17 -> 2527.1
D18: =D17+1 -> 4 | E18: FAHADH MOHAMMED M K | F18: MECH | G18: =$F$9 -> 400 | H18: 26 | I18: 8 | J18: =H18-(I18*0.7) -> 20.4 | K18: 30 | L18: 5 | N18: =J18*$F$8+G18+M18+L18+K18 -> 2250.6
D19: =D18+1 -> 5 | E19: MUHAMMED RAZAL | F19: CIVIL | G19: =$F$9 -> 400 | H19: 26 | I19: 4 | J19: =H19-(I19*0.7) -> 23.2 | L19: 10 | N19: =J19*$F$8+G19+M19+L19+K19 -> 2474.8
D20: =D19+1 -> 6 | E20: Sivaprasad | F20: CIVIL | G20: =$F$9 -> 400 | H20: 26 | I20: 4 | J20: =H20-(I20*0.7) -> 23.2 | N20: =J20*$F$8+G20+M20+L20+K20 -> 2464.8
D21: =D20+1 -> 7 | E21: Gautham sathosh ce | F21: CIVIL | G21: =$F$9 -> 400 | H21: 26 | J21: =H21-(I21*0.7) -> 26 | L21: 5 | N21: =J21*$F$8+G21+M21+L21+K21 -> 2719
D22: =D21+1 -> 8 | E22: HEFI RAHMAN | F22: CIVIL | G22: =$F$9 -> 400 | H22: 26 | I22: 3 | J22: =H22-(I22*0.7) -> 23.9 | L22: 10 | N22: =J22*$F$8+G22+M22+L22+K22 -> 2537.1
D23: =D22+1 -> 9 | E23: MOHAMMED SHAN K K | F23: CIVIL | G23: =$F$9 -> 400 | H23: 26 | I23: 4 | J23: =H23-(I23*0.7) -> 23.2 | N23: =J23*$F$8+G23+M23+L23+K23 -> 2464.8
D24: =D23+1 -> 10 | E24: Vaibhav | F24: CIVIL | G24: =$F$9 -> 400 | H24: 26 | I24: 3 | J24: =H24-(I24*0.7) -> 23.9 | K24: 45 | L24: 5 | N24: =J24*$F$8+G24+M24+L24+K24 -> 2577.1
D25: =D24+1 -> 11 | E25: KRISHNAJITH | F25: CIVIL | G25: =$F$9 -> 400 | H25: 26 | I25: 7 | J25: =H25-(I25*0.7) -> 21.1 | L25: 10 | N25: =J25*$F$8+G25+M25+L25+K25 -> 2287.9
D26: =D25+1 -> 12 | E26: RADHIN | F26: CIVIL | G26: =$F$9 -> 400 | H26: 26 | I26: 4 | J26: =H26-(I26*0.7) -> 23.2 | L26: 25 | N26: =J26*$F$8+G26+M26+L26+K26 -> 2489.8
D27: =D26+1 -> 13 | E27: MUHAMMED RIZWAN | F27: CIVIL | G27: =$F$9 -> 400 | H27: 26 | I27: 11 | J27: =H27-(I27*0.7) -> 18.3 | L27: 15 | N27: =J27*$F$8+G27+M27+L27+K27 -> 2043.7
D28: =D27+1 -> 14 | E28: sravan | F28: CS | G28: =$F$9 -> 400 | H28: 26 | I28: 4 | J28: =H28-(I28*0.7) -> 23.2 | N28: =J28*$F$8+G28+M28+L28+K28 -> 2464.8
D29: =D28+1 -> 15 | E29: ADITH CHANDRAN A | F29: CS | G29: =$F$9 -> 400 | H29: 26 | I29: 3 | J29: =H29-(I29*0.7) -> 23.9 | K29: 225 | N29: =J29*$F$8+G29+M29+L29+K29 -> 2752.1
D30: =D29+1 -> 16 | E30: Akhil A Anand | F30: CS | G30: =$F$9 -> 400 | H30: 26 | I30: 13 | J30: =H30-(I30*0.7) -> 16.9 | K30: 95 | N30: =J30*$F$8+G30+M30+L30+K30 -> 1999.1
D31: =D30+1 -> 17 | E31: JIJIN SREEDHAR | F31: CS | G31: =$F$9 -> 400 | H31: 26 | J31: =H31-(I31*0.7) -> 26 | N31: =J31*$F$8+G31+M31+L31+K31 -> 2714
D32: =D31+1 -> 18 | E32: NANDU KRISHNA | F32: CS | G32: =$F$9 -> 400 | H32: 26 | I32: 6 | J32: =H32-(I32*0.7) -> 21.8 | K32: 40 | N32: =J32*$F$8+G32+M32+L32+K32 -> 2380.2
D33: =D32+1 -> 19 | E33: JAWAD ALI K K | F33: CS | G33: =$F$9 -> 400 | H33: 26 | I33: 3 | J33: =H33-(I33*0.7) -> 23.9 | N33: =J33*$F$8+G33+M33+L33+K33 -> 2527.1
D34: =D33+1 -> 20 | E34: VIVEK V JOSEPH | F34: CS | G34: =$F$9 -> 400 | H34: 26 | I34: 3 | J34: =H34-(I34*0.7) -> 23.9 | N34: =J34*$F$8+G34+M34+L34+K34 -> 2527.1
D35: =D34+1 -> 21 | E35: RAYHAN K N | F35: CS | G35: =$F$9 -> 400 | H35: 26 | I35: 4 | J35: =H35-(I35*0.7) -> 23.2 | L35: 10 | N35: =J35*$F$8+G35+M35+L35+K35 -> 2474.8
D36: =D35+1 -> 22 | E36: SANIN ROSHAN A | F36: CS | G36: =$F$9 -> 400 | H36: 26 | J36: =H36-(I36*0.7) -> 26 | N36: =J36*$F$8+G36+M36+L36+K36 -> 2714
D37: =D36+1 -> 23 | E37: Sebin Thomas | F37: CS | G37: =$F$9 -> 400 | H37: 26 | I37: 9 | J37: =H37-(I37*0.7) -> 19.7 | N37: =J37*$F$8+G37+M37+L37+K37 -> 2153.3
D38: =D37+1 -> 24 | E38: HARINANDAN | F38: CS | G38: =$F$9 -> 400 | H38: 26 | I38: 7 | J38: =H38-(I38*0.7) -> 21.1 | N38: =J38*$F$8+G38+M38+L38+K38 -> 2277.9
D39: =D38+1 -> 25 | E39: Sebin Babu P | F39: CS | G39: =$F$9 -> 400 | H39: 26 | J39: =H39-(I39*0.7) -> 26 | N39: =J39*$F$8+G39+M39+L39+K39 -> 2714
D40: =D39+1 -> 26 | E40: RHITHUJITH | F40: CS | G40: =$F$9 -> 400 | H40: 26 | J40: =H40-(I40*0.7) -> 26 | N40: =J40*$F$8+G40+M40+L40+K40 -> 2714
D41: =D40+1 -> 27 | E41: Vishnu mk | F41: CSE | G41: =$F$9 -> 400 | H41: 26 | I41: 7 | J41: =H41-(I41*0.7) -> 21.1 | N41: =J41*$F$8+G41+M41+L41+K41 -> 2277.9
D42: =D41+1 -> 28 | E42: Vishnu PM | F42: CSE | G42: =$F$9 -> 400 | H42: 26 | I42: 3 | J42: =H42-(I42*0.7) -> 23.9 | N42: =J42*$F$8+G42+M42+L42+K42 -> 2527.1
D43: =D42+1 -> 29 | E43: Abhiram S | F43: CSE | G43: =$F$9 -> 400 | H43: 26 | I43: 12 | J43: =H43-(I43*0.7) -> 17.6 | N43: =J43*$F$8+G43+M43+L43+K43 -> 1966.4
D44: =D43+1 -> 30 | E44: Eldho Alias | F44: CSE | G44: =$F$9 -> 400 | H44: 26 | I44: 7 | J44: =H44-(I44*0.7) -> 21.1 | N44: =J44*$F$8+G44+M44+L44+K44 -> 2277.9
D45: =D44+1 -> 31 | E45: Gautham P Raj | F45: CSE | G45: =$F$9 -> 400 | H45: 26 | I45: 6 | J45: =H45-(I45*0.7) -> 21.8 | N45: =J45*$F$8+G45+M45+L45+K45 -> 2340.2
D46: =D45+1 -> 32 | E46: KARAN | F46: DDUKK | G46: =$F$9 -> 400 | H46: 26 | I46: 12 | J46: =H46-(I46*0.7) -> 17.6 | L46: 5 | N46: =J46*$F$8+G46+M46+L46+K46 -> 1971.4
D47: =D46+1 -> 33 | E47: Sayooj | F47: DST | G47: =$F$9 -> 400 | H47: 26 | J47: =H47-(I47*0.7) -> 26 | L47: 5 | N47: =J47*$F$8+G47+M47+L47+K47 -> 2719
D48: =D47+1 -> 34 | E48: SOORAJ S NAIR | F48: DST | G48: =$F$9 -> 400 | H48: 26 | I48: 3 | J48: =H48-(I48*0.7) -> 23.9 | L48: 5 | N48: =J48*$F$8+G48+M48+L48+K48 -> 2532.1
D49: =D48+1 -> 35 | E49: NANDAKISHOR | F49: EC | G49: =$F$9 -> 400 | H49: 26 | J49: =H49-(I49*0.7) -> 26 | N49: =J49*$F$8+G49+M49+L49+K49 -> 2714
D50: =D49+1 -> 36 | E50: NOEL KURIAN JOHN | F50: EC | G50: =$F$9 -> 400 | H50: 26 | I50: 3 | J50: =H50-(I50*0.7) -> 23.9 | N50: =J50*$F$8+G50+M50+L50+K50 -> 2527.1
D51: =D50+1 -> 37 | E51: Muhammed Raihan | F51: EC | G51: =$F$9 -> 400 | H51: 26 | I51: 6 | J51: =H51-(I51*0.7) -> 21.8 | N51: =J51*$F$8+G51+M51+L51+K51 -> 2340.2
D52: =D51+1 -> 38 | E52: Muhsin Ali P | F52: EC | G52: =$F$9 -> 400 | H52: 26 | I52: 3 | J52: =H52-(I52*0.7) -> 23.9 | L52: 5 | N52: =J52*$F$8+G52+M52+L52+K52 -> 2532.1
D53: =D52+1 -> 39 | E53: NIVIN K | F53: EC | G53: =$F$9 -> 400 | H53: 26 | I53: 6 | J53: =H53-(I53*0.7) -> 21.8 | N53: =J53*$F$8+G53+M53+L53+K53 -> 2340.2
D54: =D53+1 -> 40 | E54: LAZ JOEL JOSE | F54: EC | G54: =$F$9 -> 400 | H54: 26 | I54: 15 | J54: =H54-(I54*0.7) -> 15.5 | K54: 250 | N54: =J54*$F$8+G54+M54+L54+K54 -> 2029.5
D55: =D54+1 -> 41 | E55: Abhiram B | F55: ECE | G55: =$F$9 -> 400 | H55: 26 | J55: =H55-(I55*0.7) -> 26 | N55: =J55*$F$8+G55+M55+L55+K55 -> 2714
D56: =D55+1 -> 42 | E56: Jofel P Jestin | F56: ECE | G56: =$F$9 -> 400 | H56: 26 | I56: 13 | J56: =H56-(I56*0.7) -> 16.9 | K56: 45 | N56: =J56*$F$8+G56+M56+L56+K56 -> 1949.1
D57: =D56+1 -> 43 | E57: SURAJ S | F57: ECE | G57: =$F$9 -> 400 | H57: 26 | I57: 10 | J57: =H57-(I57*0.7) -> 19 | N57: 2610
D58: =D57+1 -> 44 | E58: Abhijith RS | F58: ECE | G58: =$F$9 -> 400 | H58: 26 | I58: 8 | J58: =H58-(I58*0.7) -> 20.4 | N58: =J58*$F$8+G58+M58+L58+K58 -> 2215.6
D59: =D58+1 -> 45 | E59: Niranjan k r | F59: ECE | G59: =$F$9 -> 400 | H59: 26 | I59: 7 | J59: =H59-(I59*0.7) -> 21.1 | N59: =J59*$F$8+G59+M59+L59+K59 -> 2277.9
D60: =D59+1 -> 46 | E60: Rishabadev P | F60: ECE | G60: =$F$9 -> 400 | H60: 26 | J60: =H60-(I60*0.7) -> 26 | K60: 180 | N60: =J60*$F$8+G60+M60+L60+K60 -> 2894
D61: =D60+1 -> 47 | E61: Dhanush D | F61: EEE | G61: =$F$9 -> 400 | H61: 26 | I61: 7 | J61: =H61-(I61*0.7) -> 21.1 | N61: =J61*$F$8+G61+M61+L61+K61 -> 2277.9
D62: =D61+1 -> 48 | E62: Drikshadh P Ramesh | F62: EEE | G62: =$F$9 -> 400 | H62: 26 | I62: 15 | J62: =H62-(I62*0.7) -> 15.5 | N62: =J62*$F$8+G62+M62+L62+K62 -> 1779.5
D63: =D62+1 -> 49 | E63: Jagannath.M.K | F63: EEE | G63: =$F$9 -> 400 | H63: 26 | J63: =H63-(I63*0.7) -> 26 | N63: =J63*$F$8+G63+M63+L63+K63 -> 2714
D64: =D63+1 -> 50 | E64: MOHAMMED HASHIR | F64: EEE | G64: =$F$9 -> 400 | H64: 26 | I64: 3 | J64: =H64-(I64*0.7) -> 23.9 | L64: 5 | N64: =J64*$F$8+G64+M64+L64+K64 -> 2532.1
D65: =D64+1 -> 51 | E65: MOHAMMED NABIL P | F65: EEE | G65: =$F$9 -> 400 | H65: 26 | I65: 5 | J65: =H65-(I65*0.7) -> 22.5 | N65: =J65*$F$8+G65+M65+L65+K65 -> 2402.5
D66: =D65+1 -> 52 | E66: Joshua Kurian Nebu | F66: EEE | G66: =$F$9 -> 400 | H66: 26 | I66: 3 | J66: =H66-(I66*0.7) -> 23.9 | N66: =J66*$F$8+G66+M66+L66+K66 -> 2527.1
D67: =D66+1 -> 53 | E67: Agraj | F67: EEE | G67: =$F$9 -> 400 | H67: 26 | I67: 12 | J67: =H67-(I67*0.7) -> 17.6 | N67: =J67*$F$8+G67+M67+L67+K67 -> 1966.4
D68: =D67+1 -> 54 | E68: Alen Varghese | F68: EEE | G68: =$F$9 -> 400 | H68: 26 | I68: 9 | J68: =H68-(I68*0.7) -> 19.7 | N68: =J68*$F$8+G68+M68+L68+K68 -> 2153.3
D69: =D68+1 -> 55 | E69: CHRISTY JAY VARGHEESE | F69: EEE | G69: =$F$9 -> 400 | H69: 26 | J69: =H69-(I69*0.7) -> 26 | N69: =J69*$F$8+G69+M69+L69+K69 -> 2714
D70: =D69+1 -> 56 | E70: Gouthamkrishnan | F70: EEE | G70: =$F$9 -> 400 | H70: 26 | I70: 8 | J70: =H70-(I70*0.7) -> 20.4 | N70: =J70*$F$8+G70+M70+L70+K70 -> 2215.6
D71: =D70+1 -> 57 | E71: Vinayak A | F71: EEE | G71: =$F$9 -> 400 | H71: 26 | I71: 7 | J71: =H71-(I71*0.7) -> 21.1 | N71: =J71*$F$8+G71+M71+L71+K71 -> 2277.9
D72: =D71+1 -> 58 | E72: IJAS | F72: EEE | G72: =$F$9 -> 400 | H72: 26 | I72: 4 | J72: =H72-(I72*0.7) -> 23.2 | N72: =J72*$F$8+G72+M72+L72+K72 -> 2464.8
D73: =D72+1 -> 59 | E73: JERIN JACOB | F73: EEE | G73: =$F$9 -> 400 | H73: 26 | I73: 13 | J73: =H73-(I73*0.7) -> 16.9 | N73: =J73*$F$8+G73+M73+L73+K73 -> 1904.1
D74: =D73+1 -> 60 | E74: Aravind Krishna V | F74: EEE | G74: =$F$9 -> 400 | H74: 26 | I74: 7 | J74: =H74-(I74*0.7) -> 21.1 | N74: =J74*$F$8+G74+M74+L74+K74 -> 2277.9
D75: =D74+1 -> 61 | E75: Amal Krishna LK | F75: Instrumentation | G75: =$F$9 -> 400 | H75: 26 | J75: =H75-(I75*0.7) -> 26 | L75: 5 | N75: =J75*$F$8+G75+M75+L75+K75 -> 2719
D76: =D75+1 -> 62 | E76: ANANDHU KRISHNA AS | F76: IT | G76: =$F$9 -> 400 | H76: 26 | J76: =H76-(I76*0.7) -> 26 | K76: 45 | N76: =J76*$F$8+G76+M76+L76+K76 -> 2759
D77: =D76+1 -> 63 | E77: Adhit J | F77: IT | G77: =$F$9 -> 400 | H77: 26 | I77: 1 | J77: =H77-(I77*0.7) -> 25.3 | K77: 180 | N77: =J77*$F$8+G77+M77+L77+K77 -> 2831.7
D78: =D77+1 -> 64 | E78: Akshay Sunil | F78: IT | G78: =$F$9 -> 400 | H78: 26 | J78: =H78-(I78*0.7) -> 26 | N78: =J78*$F$8+G78+M78+L78+K78 -> 2714
D79: =D78+1 -> 65 | E79: Alan r stalin | F79: IT | G79: =$F$9 -> 400 | H79: 26 | I79: 6 | J79: =H79-(I79*0.7) -> 21.8 | N79: =J79*$F$8+G79+M79+L79+K79 -> 2340.2
D80: =D79+1 -> 66 | E80: Amal shanto | F80: IT | G80: =$F$9 -> 400 | H80: 26 | I80: 12 | J80: =H80-(I80*0.7) -> 17.6 | N80: =J80*$F$8+G80+M80+L80+K80 -> 1966.4
D81: =D80+1 -> 67 | E81: Arjun A | F81: IT | G81: =$F$9 -> 400 | H81: 26 | I81: 9 | J81: =H81-(I81*0.7) -> 19.7 | N81: =J81*$F$8+G81+M81+L81+K81 -> 2153.3
D82: =D81+1 -> 68 | E82: Joyal Johny | F82: IT | G82: =$F$9 -> 400 | H82: 26 | J82: =H82-(I82*0.7) -> 26 | L82: 5 | N82: =J82*$F$8+G82+M82+L82+K82 -> 2719
D83: =D82+1 -> 69 | E83: Shahab Ahamed | F83: IT | G83: =$F$9 -> 400 | H83: 26 | I83: 4 | J83: =H83-(I83*0.7) -> 23.2 | L83: 15 | N83: =J83*$F$8+G83+M83+L83+K83 -> 2479.8
D84: =D83+1 -> 70 | E84: Vaishnav KV | F84: IT | G84: =$F$9 -> 400 | H84: 26 | I84: 15 | J84: =H84-(I84*0.7) -> 15.5 | N84: =J84*$F$8+G84+M84+L84+K84 -> 1779.5
D85: =D84+1 -> 71 | E85: Alan Geo Kurian | F85: IT | G85: =$F$9 -> 400 | H85: 26 | I85: 14 | J85: =H85-(I85*0.7) -> 16.2 | N85: =J85*$F$8+G85+M85+L85+K85 -> 1841.8
D86: =D85+1 -> 72 | E86: ADIL ABDULLA | F86: IT | G86: =$F$9 -> 400 | H86: 26 | I86: 12 | J86: =H86-(I86*0.7) -> 17.6 | N86: =J86*$F$8+G86+M86+L86+K86 -> 1966.4
D87: =D86+1 -> 73 | E87: Anupam Vijay | F87: IT | G87: =$F$9 -> 400 | H87: 26 | I87: 3 | J87: =H87-(I87*0.7) -> 23.9 | N87: =J87*$F$8+G87+M87+L87+K87 -> 2527.1
D88: =D87+1 -> 74 | E88: Hridhik A D | F88: IT | G88: =$F$9 -> 400 | H88: 26 | I88: 4 | J88: =H88-(I88*0.7) -> 23.2 | N88: =J88*$F$8+G88+M88+L88+K88 -> 2464.8
D89: =D88+1 -> 75 | E89: Karthik C K | F89: IT | G89: =$F$9 -> 400 | H89: 26 | J89: =H89-(I89*0.7) -> 26 | N89: =J89*$F$8+G89+M89+L89+K89 -> 2714
D90: =D89+1 -> 76 | E90: Omkar Deepak | F90: IT | G90: =$F$9 -> 400 | H90: 26 | I90: 5 | J90: =H90-(I90*0.7) -> 22.5 | L90: 10 | N90: =J90*$F$8+G90+M90+L90+K90 -> 2412.5
D91: =D90+1 -> 77 | E91: Pradeesh Pradeep | F91: IT | G91: =$F$9 -> 400 | H91: 26 | I91: 4 | J91: =H91-(I91*0.7) -> 23.2 | N91: =J91*$F$8+G91+M91+L91+K91 -> 2464.8
D92: =D91+1 -> 78 | E92: SIDDHARTH K P | F92: IT | G92: =$F$9 -> 400 | H92: 26 | J92: =H92-(I92*0.7) -> 26 | N92: =J92*$F$8+G92+M92+L92+K92 -> 2714
D93: =D92+1 -> 79 | E93: M A GERVASIS | F93: IT | G93: =$F$9 -> 400 | H93: 26 | J93: =H93-(I93*0.7) -> 26 | N93: =J93*$F$8+G93+M93+L93+K93 -> 2714
D94: =D93+1 -> 80 | E94: MUHAMMED SHUHAL | F94: IT | G94: =$F$9 -> 400 | H94: 26 | I94: 4 | J94: =H94-(I94*0.7) -> 23.2 | N94: =J94*$F$8+G94+M94+L94+K94 -> 2464.8
D95: =D94+1 -> 81 | E95: TEJAS K | F95: IT | G95: =$F$9 -> 400 | H95: 26 | J95: =H95-(I95*0.7) -> 26 | N95: =J95*$F$8+G95+M95+L95+K95 -> 2714
D96: =D95+1 -> 82 | E96: MIDHUN P M | F96: IT | G96: =$F$9 -> 400 | H96: 26 | I96: 3 | J96: =H96-(I96*0.7) -> 23.9 | N96: =J96*$F$8+G96+M96+L96+K96 -> 2527.1
D97: =D96+1 -> 83 | E97: Abhinav K | F97: MECH | G97: =$F$9 -> 400 | H97: 26 | I97: 9 | J97: =H97-(I97*0.7) -> 19.7 | L97: 5 | N97: =J97*$F$8+G97+M97+L97+K97 -> 2158.3
D98: =D97+1 -> 84 | E98: Abhiram TP | F98: MECH | G98: =$F$9 -> 400 | H98: 26 | I98: 3 | J98: =H98-(I98*0.7) -> 23.9 | N98: =J98*$F$8+G98+M98+L98+K98 -> 2527.1
D99: =D98+1 -> 85 | E99: Amjad irfan | F99: MECH | G99: =$F$9 -> 400 | H99: 26 | I99: 3 | J99: =H99-(I99*0.7) -> 23.9 | L99: 5 | N99: =J99*$F$8+G99+M99+L99+K99 -> 2532.1
D100: =D99+1 -> 86 | E100: Mohamed Midlaj k k | F100: MECH | G100: =$F$9 -> 400 | H100: 26 | I100: 5 | J100: =H100-(I100*0.7) -> 22.5 | N100: =J100*$F$8+G100+M100+L100+K100 -> 2402.5
D101: =D100+1 -> 87 | E101: Nikhil Jose | F101: MECH | G101: =$F$9 -> 400 | H101: 26 | I101: 6 | J101: =H101-(I101*0.7) -> 21.8 | N101: =J101*$F$8+G101+M101+L101+K101 -> 2340.2
D102: =D101+1 -> 88 | E102: Nikhil s | F102: MECH | G102: =$F$9 -> 400 | H102: 26 | I102: 3 | J102: =H102-(I102*0.7) -> 23.9 | K102: 45 | N102: =J102*$F$8+G102+M102+L102+K102 -> 2572.1
D103: =D102+1 -> 89 | E103: Naveen S | F103: MECH | G103: =$F$9 -> 400 | H103: 26 | I103: 6 | J103: =H103-(I103*0.7) -> 21.8 | L103: 10 | N103: =J103*$F$8+G103+M103+L103+K103 -> 2350.2
D104: =D103+1 -> 90 | E104: Adarsh S Babu | F104: MECH | G104: =$F$9 -> 400 | H104: 26 | I104: 3 | J104: =H104-(I104*0.7) -> 23.9 | K104: 450 | N104: =J104*$F$8+G104+M104+L104+K104 -> 2977.1
D105: =D104+1 -> 91 | E105: Rinu Reji | F105: MECH | G105: =$F$9 -> 400 | H105: 26 | I105: 7 | J105: =H105-(I105*0.7) -> 21.1 | N105: =J105*$F$8+G105+M105+L105+K105 -> 2277.9
...

Sheet Sheet3
B2: lm
A3: devarashan | B3: 7
A4: anjo shaju | B4: 5
A5: karan
A6: nabeel | B6: 2
A7: misab
A8: basil | B8: 2
A9: abhishek us | B9: 11
A10: rohan k | B10: 2
A11: anadharam
A12: ajay
A13: nandakishor | B13: 2
A14: rahul dev | B14: 8
A15: sinoj | B15: 4
A16: ashish | B16: 4
A17: ajay
A18: amjad(mech)
A19: amal a | B19: 4
A20: unni r | B20: 3
A21: sayooj p
A22: shyam prakash | B22: 4
A23: prashob | B23: 2
A24: anshad | B24: 4
A25: krishnahari | B25: 5
A26: amjad(dcs) | B26: 2
A27: shahab ahmmed | B27: 3
A28: muhsin ali
A29: bendavid | B29: 4
A30: mu shan
A31: rayid
A32: adonis j | B32: 2
A33: joseph(mech)
A34: binyamin
A35: aswin sa | B35: 3
A36: rishin ragesh
A37: thanver ali | B37: 5
A38: joyel jhony
A39: nufaih | B39: 4
A40: adeeb rahman | B40: 6
A41: christo thomas | B41: 4
A42: mu rizwan | B42: 3
A43: rasal | B43: 2
A44: denny jhony | B44: 6
A45: sourav p | B45: 3
A46: vijay unni | B46: 3
A47: abijith babu
A48: abhiroop | B48: 2
A49: shamil becker | B49: 6
A50: aswin girish | B50: 5
A51: aasish d vinod
A52: rabeeh | B52: 3
A53: vijay krishnan
A54: abhinav kv | B54: 5
A55: aryan us | B55: 2
A56: devdath sathyan | B56: 3
A57: akshay jojop
A58: aswin bony
A59: adith cse
A60: hamid
A61: praneesh | B61: 3
A62: arjun m
A63: vaishnav dst
A64: vaishnav p imsc | B64: 2
A65: krishnajith civil | B65: 2
A66: aswin vakkayil
A67: navajityh
A68: vipin banulal
A69: gautham santhosh
A70: raihan cse | B70: 2
A71: abhinav k sf
A72: jeevan das | B72: 2
A73: adithyan sai
A74: galzan sha
A75: rijin
A76: atul s krishna | B76: 2
A77: abhijith mba
A78: radhin | B78: 5
A79: abijith babu
A80: sooraj s dst
A81: najah | B81: 2
A82: krishnajith icrep
A83: adinan
A84: jesin | B84: 3
A85: amal krishna
A86: fahad
A87: abhishek m | B87: 2
A88: aravind raj
A89: gokul
A90: aswanth
A91: vishnu raj
A92: adithya prasad
A93: adwin
A94: hefi rahman | B94: 2
A95: naveen | B95: 2
A96: faheeb
A97: ohmkar | B97: 2
A98: prince thomas
A99: nived
A100: fahim
A101: fahim(it)
...
